{
  "executionRoleArn": "arn:aws:iam::709170120355:role/ecsTaskExecutionRole",
  "taskRoleArn": "arn:aws:iam::709170120355:role/ecsTaskExecutionRole",
  "containerDefinitions": [
    {
      "name": "openquiz",
      "image": "<IMAGE1_NAME>",
      "essential": true,
      "portMappings": [
        {
          "hostPort": 8085,
          "protocol": "tcp",
          "containerPort": 8085
        }   
      ],
      "ulimits": [
        {
          "softLimit": 65535,
          "hardLimit": 65535,
          "name": "nofile"
        }
      ],      
      "logConfiguration": {
        "logDriver": "awslogs",
        "secretOptions": null,
        "options": {
          "awslogs-group": "/ecs/openquiz",
          "awslogs-region": "eu-central-1",
          "awslogs-stream-prefix": "ecs"
        }
      }
    }
  ],
  "family": "openquiz",
  "requiresCompatibilities": [
    "FARGATE"
  ],
  "networkMode": "awsvpc",
  "cpu": "2048",
  "memory": "4096"
}